Epoch,Time (seconds),Train Loss (Latency),Train Loss (PDR),Total Train Loss,Val Loss (Latency),Val Loss (PDR),Total Val Loss,Train RMSE (Latency),Train RMSE (PDR),Total Train RMSE,Val RMSE (Latency),Val RMSE (PDR),Total Val RMSE
1,16.143296241760254,0.02191738225519657,0.0015729786828160286,0.02349044382572174,0.01711387373507023,0.00034001932363025844,0.017455944791436195,0.20490333437919617,0.6140106320381165,0.15326592519448587,0.19956564903259277,0.018210597336292267,0.13212094758756537
2,15.062825918197632,0.016279498115181923,0.00021217217727098614,0.016491929069161415,0.013229230418801308,0.0001170829709735699,0.013346197083592415,0.21544714272022247,0.6150900721549988,0.12842090588826033,0.18274563550949097,0.010385112836956978,0.11552574208198109
3,13.60034441947937,0.013860293664038181,0.00011920138786081225,0.013979841955006123,0.01190565712749958,7.039813499432057e-05,0.011978969909250736,0.220119908452034,0.6150113940238953,0.11823638168941962,0.20830613374710083,0.00825427658855915,0.10944848061645596
4,13.550891160964966,0.012463651597499847,0.0001128137155319564,0.012576219625771046,0.010075323283672333,3.181809370289557e-05,0.010106666944921017,0.22304867208003998,0.6151575446128845,0.11214374537071181,0.19989052414894104,0.005483986344188452,0.10053192003001343
5,13.39712929725647,0.01126086339354515,9.328449232270941e-05,0.011354384012520313,0.010071619413793087,3.150719203404151e-05,0.010102763772010803,0.2252347320318222,0.615052342414856,0.10655695196710684,0.20218156278133392,0.005528539884835482,0.10051250555035827
6,13.571802616119385,0.010828223079442978,7.34888672013767e-05,0.010901513509452343,0.009433786384761333,3.656762055470608e-05,0.009474005550146103,0.2259334772825241,0.6151705980300903,0.10441031323318757,0.2014928162097931,0.005977998953312635,0.09733450338983655
7,13.495166778564453,0.010544033721089363,7.094803731888533e-05,0.01061529852449894,0.00922112725675106,2.0004790712846443e-05,0.009244603104889393,0.2264823168516159,0.6149649620056152,0.10303057082487188,0.21113444864749908,0.004241758957505226,0.09614885909301989
8,13.69551682472229,0.010448507964611053,6.53236493235454e-05,0.010513790883123875,0.00890557374805212,3.6264096706872806e-05,0.008945077657699585,0.2269587367773056,0.614648699760437,0.10253677819750275,0.20134709775447845,0.00570213608443737,0.09457842067670397
9,13.672065258026123,0.010196815244853497,6.534741987707093e-05,0.010262337513267994,0.008800968527793884,1.992353645619005e-05,0.00882447138428688,0.2271951138973236,0.615147054195404,0.10130319596768897,0.2022988647222519,0.0041269054636359215,0.09393865756059579
10,13.66834044456482,0.010074564255774021,6.874898099340498e-05,0.010143401101231575,0.008851882070302963,0.00013870603288523853,0.008994252420961857,0.22749313712120056,0.6152749061584473,0.10071445328864956,0.20378275215625763,0.011615595780313015,0.09483803256585333
11,13.796220302581787,0.010017410852015018,6.013857637299225e-05,0.01007790956646204,0.008560625836253166,1.2775288269040175e-05,0.008576863445341587,0.22763438522815704,0.6149462461471558,0.10038879203607363,0.20545664429664612,0.003292296314612031,0.09261135699978479
12,13.66614317893982,0.009940661489963531,5.7782734074862674e-05,0.0099986856803298,0.008595183491706848,6.0481514083221555e-05,0.00865938887000084,0.22778280079364777,0.6152886152267456,0.09999342818570528,0.20430907607078552,0.007636103313416243,0.09305583737735554
13,13.548234224319458,0.00985882617533207,5.7680535974213853e-05,0.009915987960994244,0.008717136457562447,1.3213592865213286e-05,0.008734017610549927,0.22771701216697693,0.6151628494262695,0.09957905382656658,0.204704150557518,0.003451927565038204,0.09345596615813206
14,13.701811075210571,0.009789794683456421,5.587900886894204e-05,0.009845927357673645,0.008543538860976696,1.2117311598558445e-05,0.00855945609509945,0.22807101905345917,0.6153051257133484,0.09922664640948844,0.20822876691818237,0.003304684069007635,0.09251732862063976
15,13.78437066078186,0.009795053862035275,5.048944876762107e-05,0.009845860302448273,0.008555508218705654,1.7013551769196056e-05,0.00857622642070055,0.22788043320178986,0.615108072757721,0.09922630851970798,0.2058998942375183,0.00393444811925292,0.09260791769984114
16,13.472328662872314,0.009724258445203304,5.1598304708022624e-05,0.009775993414223194,0.008701554499566555,0.00022982819064054638,0.008935033343732357,0.22799409925937653,0.6155334115028381,0.09887362345045919,0.2117638736963272,0.015053290873765945,0.09452530530885556
17,13.839656352996826,0.00966729037463665,5.785359826404601e-05,0.009725095704197884,0.008876364678144455,2.503982796042692e-05,0.0089052589610219,0.22807547450065613,0.6153130531311035,0.09861589985493152,0.20087800920009613,0.004923409782350063,0.09436767964203581
18,13.81055474281311,0.009621516801416874,5.213332042330876e-05,0.009673901833593845,0.008507166057825089,2.5088522306759842e-05,0.008536108769476414,0.22834819555282593,0.6152305603027344,0.09835599541255147,0.2104204297065735,0.004911329131573439,0.0923910643378266
19,13.66135835647583,0.009574458934366703,5.29024655406829e-05,0.009627464227378368,0.008510956540703773,1.3308505003806204e-05,0.008528185077011585,0.2286377102136612,0.6155407428741455,0.09811964241362872,0.2052692025899887,0.003466673893854022,0.09234817311139179
20,13.681575298309326,0.00952494703233242,5.060554394731298e-05,0.009575584903359413,0.008398223668336868,1.652702303545084e-05,0.008418393321335316,0.2284553349018097,0.6151272058486938,0.09785491762481544,0.20340809226036072,0.003890895750373602,0.09175180282335228
21,13.640681505203247,0.009509717114269733,5.1586746849352494e-05,0.0095616290345788,0.008746935054659843,2.294614205311518e-05,0.008773652836680412,0.2285241335630417,0.6148394346237183,0.09778358264340083,0.21506185829639435,0.004562612157315016,0.09366777907413207
22,13.761769771575928,0.009476075880229473,4.962438833899796e-05,0.009525511413812637,0.008306834846735,1.3356681847653817e-05,0.008324109949171543,0.22834840416908264,0.6152053475379944,0.09759872649687924,0.20881614089012146,0.0034588207490742207,0.0912365603756057
23,13.801311254501343,0.00938735157251358,5.0884489610325545e-05,0.00943809561431408,0.00865818653255701,2.269649485242553e-05,0.00868495274335146,0.22884635627269745,0.6152895092964172,0.09714986162786893,0.2118411660194397,0.004588713403791189,0.09319309386081921
24,13.685617923736572,0.009366539306938648,4.797848669113591e-05,0.009414855390787125,0.008408581838011742,3.0791481549385935e-05,0.008443411439657211,0.22869934141635895,0.6150013208389282,0.09703017773243088,0.20646774768829346,0.005431946832686663,0.09188803752206928
25,13.59178900718689,0.009344908408820629,4.919882849208079e-05,0.009394501335918903,0.008284340612590313,1.3520365428121295e-05,0.00830161850899458,0.22882463037967682,0.6156246662139893,0.09692523580533041,0.20692673325538635,0.0033733807504177094,0.09111321808055393
26,13.647155523300171,0.009286078624427319,4.6980090701254085e-05,0.009333151392638683,0.008304821327328682,2.1179161194595508e-05,0.008329744450747967,0.22899773716926575,0.6150056719779968,0.09660823667078643,0.20855236053466797,0.004458731506019831,0.09126743368117658
27,13.509335279464722,0.00928010419011116,4.925827670376748e-05,0.00932936929166317,0.008330125361680984,1.2807856364815962e-05,0.008346776477992535,0.22889308631420135,0.6151638031005859,0.09658866026435593,0.20809605717658997,0.00341696385294199,0.09136069438217145
28,13.762109756469727,0.009242959320545197,4.597536462824792e-05,0.009288963861763477,0.008324792608618736,1.3042087630310562e-05,0.008341534994542599,0.22899793088436127,0.615167498588562,0.09637927091321805,0.20388369262218475,0.003417045110836625,0.09133200421836038
29,13.932049751281738,0.009178954176604748,4.355619239504449e-05,0.00922274962067604,0.008478909730911255,1.6824627891764976e-05,0.008499959483742714,0.2288399189710617,0.6150047183036804,0.09603514784013216,0.2130674570798874,0.003892483888193965,0.09219522484241098
30,13.945225715637207,0.009167473763227463,4.397085649543442e-05,0.009211499243974686,0.008352025412023067,1.563420482852962e-05,0.008371558040380478,0.22904516756534576,0.6151154041290283,0.09597655569968473,0.2068743258714676,0.0037745661102235317,0.09149621872176182
31,13.565755605697632,0.009119035676121712,4.264231392880902e-05,0.009161724708974361,0.008759621530771255,1.7368791304761544e-05,0.008780897594988346,0.2290167510509491,0.6148509979248047,0.09571689876387743,0.21536514163017273,0.0040141139179468155,0.09370644372180788
32,13.615067958831787,0.009147009812295437,4.3234431359451264e-05,0.009190172888338566,0.008327043615281582,1.4955774531699717e-05,0.00834601279348135,0.22932246327400208,0.6146102547645569,0.09586538941838481,0.2030186504125595,0.0035297779832035303,0.0913565147840117
33,13.72116994857788,0.009107150137424469,4.307179551688023e-05,0.009150160476565361,0.008723711594939232,2.201883944508154e-05,0.008750042878091335,0.2291376292705536,0.615354597568512,0.0956564711693117,0.2102832943201065,0.004616665653884411,0.09354166386210658
34,13.716108798980713,0.009041042067110538,4.3059702875325456e-05,0.009084099903702736,0.008705453015863895,1.0759456927189603e-05,0.008720440790057182,0.22914069890975952,0.6152240633964539,0.09531054455674218,0.2097650170326233,0.0030190672259777784,0.09338330038104876
35,13.62214708328247,0.00900671910494566,4.186513615422882e-05,0.009048739448189735,0.008183836936950684,1.2297517059778329e-05,0.008200100623071194,0.22948715090751648,0.6151106357574463,0.09512486240825653,0.2089892327785492,0.0032843565568327904,0.09055440697763524
36,13.594237565994263,0.008975539356470108,4.117321805097163e-05,0.009017079137265682,0.008263502269983292,1.7881997337099165e-05,0.00828536320477724,0.2292432188987732,0.6150029301643372,0.09495830209763484,0.2072494477033615,0.004041594453155994,0.09102397049556364
37,13.617499589920044,0.00891858246177435,4.159432137385011e-05,0.008960111998021603,0.008281487040221691,1.803500526875723e-05,0.008303512819111347,0.22957539558410645,0.6149713397026062,0.09465786812527315,0.20753321051597595,0.00396185414865613,0.09112361285150708
38,13.631701469421387,0.008905347436666489,4.536822598311119e-05,0.008951066061854362,0.008515226654708385,1.906629950099159e-05,0.008538291789591312,0.22941507399082184,0.6148207783699036,0.09461007378632764,0.21245844662189484,0.004217210691422224,0.09240287760449516
39,13.48716425895691,0.00886486005038023,4.253600855008699e-05,0.008907584473490715,0.008743491023778915,1.8715241822064854e-05,0.00876620877534151,0.22949157655239105,0.615037202835083,0.09438000038933415,0.220110684633255,0.0038982429541647434,0.09362803413156505
40,13.658725023269653,0.008819468319416046,4.343315595178865e-05,0.00886304397135973,0.00825815461575985,1.53126020450145e-05,0.008277331478893757,0.22946375608444214,0.6148720383644104,0.09414374101000943,0.2087579369544983,0.003679631045088172,0.09097984105775167
41,13.57523512840271,0.008792131207883358,4.1668867197586223e-05,0.008833058178424835,0.00844685360789299,8.379761311516631e-06,0.008459620177745819,0.22984662652015686,0.6151165962219238,0.09398435071023704,0.21268828213214874,0.0026540723629295826,0.09197619353803363
42,13.744098901748657,0.008780625648796558,4.218647882225923e-05,0.00882282480597496,0.00835411436855793,6.0866477724630386e-06,0.008364067412912846,0.22972120344638824,0.6149098873138428,0.09392989303717406,0.20771770179271698,0.002251068130135536,0.09145527547885275
43,13.489283800125122,0.008739993907511234,4.073078525834717e-05,0.008780487813055515,0.00824819691479206,8.262729352281895e-06,0.0082605741918087,0.22972120344638824,0.6154604554176331,0.09370425717679809,0.21060886979103088,0.0026196741964668036,0.09088770099308652
44,13.738884925842285,0.008692706003785133,4.175359572400339e-05,0.008734429255127907,0.008303035981953144,8.223213626479264e-06,0.008315201848745346,0.2296861708164215,0.6152506470680237,0.09345816847728136,0.20882607996463776,0.002719578333199024,0.09118772860832397
45,13.960752487182617,0.00867109652608633,3.9948237827047706e-05,0.008710911497473717,0.0085992980748415,3.844199818558991e-05,0.008642048574984074,0.22996370494365692,0.6154557466506958,0.09333226396843547,0.21385982632637024,0.006036825943738222,0.09296261923474443
46,13.64197063446045,0.008602670393884182,4.1480881918687373e-05,0.00864227581769228,0.008320988155901432,1.7603670130483806e-05,0.008342312648892403,0.2299618273973465,0.6153148412704468,0.09296384145296643,0.20611892640590668,0.004068390000611544,0.09133626141293721
47,13.455260038375854,0.00859080534428358,4.043611261295155e-05,0.008631240576505661,0.008374479599297047,9.199840860674158e-06,0.00838744267821312,0.23002393543720245,0.6153716444969177,0.09290447016428037,0.2107151299715042,0.002845118986442685,0.09158298247061579
48,13.724979877471924,0.008538452908396721,4.214740329189226e-05,0.008580806665122509,0.008514114655554295,1.0534895409364253e-05,0.008528712205588818,0.23021909594535828,0.6145408749580383,0.09263264362589739,0.21203726530075073,0.003104692790657282,0.09235102709547316
49,13.649694681167603,0.008499791845679283,4.166758662904613e-05,0.00854149553924799,0.008494257926940918,1.6034875443438068e-05,0.00851384922862053,0.2302352339029312,0.6155771613121033,0.0924202117463923,0.20147621631622314,0.0038151126354932785,0.09227052199169856
50,13.564011335372925,0.0084846718236804,4.035256279166788e-05,0.008525237441062927,0.008388848975300789,3.074630512855947e-05,0.008423447608947754,0.23024749755859375,0.6152896285057068,0.09233221236958923,0.2104203999042511,0.0052047609351575375,0.09177934195094098
51,13.646983623504639,0.008425305597484112,4.073730087839067e-05,0.008466118015348911,0.008325206115841866,9.0653566076071e-06,0.008338257670402527,0.23008769750595093,0.6151963472366333,0.09201151023295352,0.20860420167446136,0.002782195806503296,0.09131406063910709
52,13.47796893119812,0.00840593408793211,4.144754711887799e-05,0.008447511121630669,0.008700639009475708,6.9648258431698196e-06,0.008711617439985275,0.23046191036701202,0.6152703762054443,0.091910342843614,0.2170318365097046,0.002463756827637553,0.09333604577003075
53,13.538943529129028,0.008333679288625717,4.1775791032705456e-05,0.008375595323741436,0.008835343644022942,7.774049663566984e-06,0.008847331628203392,0.23043933510780334,0.6153990030288696,0.0915182786318746,0.2155083566904068,0.002585067180916667,0.09406025530585908
54,13.781036376953125,0.00833280198276043,3.985166040365584e-05,0.008372306823730469,0.008394530974328518,6.748606210749131e-06,0.008405206725001335,0.23083510994911194,0.6151621341705322,0.09150031051166148,0.20974081754684448,0.002414562040939927,0.09167991451240198
55,13.483579874038696,0.008255100809037685,4.1902534576365724e-05,0.008297205902636051,0.00836069043725729,5.2810382840107195e-06,0.008370153605937958,0.2307603508234024,0.6154427528381348,0.09108899989919778,0.2079964280128479,0.0021463967859745026,0.09148854357753192
56,13.717883586883545,0.008231092244386673,4.095044278074056e-05,0.008272059261798859,0.00853347685188055,1.143310328188818e-05,0.008548913523554802,0.2308705747127533,0.6149227023124695,0.0909508617979998,0.21442122757434845,0.00323967426083982,0.09246033486611868
57,13.535968780517578,0.008196692913770676,4.0274248021887615e-05,0.008237119764089584,0.00850008986890316,8.078610335360281e-06,0.00851200520992279,0.2307410091161728,0.6150009036064148,0.09075857956187715,0.2136673927307129,0.0026394235901534557,0.092260528992212
58,13.68239974975586,0.008134674280881882,4.030487980344333e-05,0.008175117895007133,0.00870118010789156,7.693434781685937e-06,0.008712969720363617,0.2305334210395813,0.615385115146637,0.09041635855865428,0.21085074543952942,0.0024584841448813677,0.09334328963757178
59,13.584753513336182,0.008113977499306202,4.09917593060527e-05,0.008155062794685364,0.008511648513376713,5.641172538162209e-05,0.008571946993470192,0.23085379600524902,0.6147026419639587,0.09030538629940832,0.2120269387960434,0.007290209177881479,0.09258480973394173
60,13.678022384643555,0.008074221201241016,4.0264680137624964e-05,0.008114675991237164,0.008442606776952744,1.7321910490863957e-05,0.008463842794299126,0.23118072748184204,0.6152961850166321,0.09008149638653414,0.2094922512769699,0.003930132836103439,0.09199914561722368
61,13.412557363510132,0.008070047944784164,4.000400076620281e-05,0.008110133931040764,0.008912092074751854,9.130610123975202e-06,0.008925451897084713,0.23085907101631165,0.6145719885826111,0.09005628201875072,0.21672476828098297,0.0028946949169039726,0.09447460980117733
62,14.354258060455322,0.008012074045836926,4.091914161108434e-05,0.008052883669734001,0.008445266634225845,1.1295046533632558e-05,0.008460212498903275,0.23113417625427246,0.6147331595420837,0.08973786084888585,0.20596995949745178,0.003107188967987895,0.09197941345161577
63,14.535390138626099,0.008036753162741661,3.9873273635748774e-05,0.008076461032032967,0.008627357892692089,6.213395863596816e-06,0.008637499064207077,0.23114386200904846,0.6150574684143066,0.08986913281006426,0.21149364113807678,0.002190798055380583,0.09293814644271252
64,15.234933137893677,0.007976651191711426,4.001311390311457e-05,0.008016552776098251,0.00852927751839161,1.540369885333348e-05,0.008548726327717304,0.23109179735183716,0.6156209111213684,0.08953520411602495,0.2101624459028244,0.0035106514114886522,0.09245932255709699
65,13.879605770111084,0.007927839644253254,4.0464597987011075e-05,0.007968544028699398,0.008696291595697403,1.7281208783970214e-05,0.008717815391719341,0.23130790889263153,0.6145718693733215,0.08926670167929024,0.21483968198299408,0.003806855296716094,0.09336924221455019
66,15.121790885925293,0.007892212830483913,4.091636947123334e-05,0.007933411747217178,0.00862089078873396,4.839630128117278e-05,0.008673292584717274,0.23110005259513855,0.6151673197746277,0.0890697016230389,0.21347683668136597,0.006741873919963837,0.09313051371444954
67,16.108412742614746,0.007846273481845856,3.958727393182926e-05,0.007885923609137535,0.008623170666396618,5.046053956903052e-06,0.008632347919046879,0.23131287097930908,0.6149479746818542,0.08880272298267398,0.20877844095230103,0.0021028921473771334,0.09291042954936156
68,15.68989109992981,0.00786612369120121,4.0242375689558685e-05,0.007906566374003887,0.008572562597692013,1.4819722309766803e-05,0.008591441437602043,0.23130527138710022,0.6152799129486084,0.08891887524032166,0.20975929498672485,0.003458441933616996,0.09269002879275658
69,15.648163318634033,0.007779816165566444,4.040343628730625e-05,0.007820104248821735,0.00849879626184702,5.0884027587017044e-06,0.0085079250857234,0.2315552830696106,0.6151780486106873,0.08843135331330022,0.21048100292682648,0.0020831895526498556,0.09223841437125532
70,15.49873161315918,0.0077757686376571655,4.0323760913452134e-05,0.0078160110861063,0.00861043855547905,4.542433998722117e-06,0.00861910916864872,0.23155377805233002,0.6151986122131348,0.0884082071196238,0.21306829154491425,0.0019191286992281675,0.09283915751798225
71,15.694654941558838,0.007764324080199003,3.969247700297274e-05,0.007804139982908964,0.008543476462364197,1.4155114513414446e-05,0.008561523631215096,0.23145022988319397,0.6154326796531677,0.08834104359191691,0.2128639817237854,0.00367567571811378,0.09252850172360458
72,15.377658367156982,0.007699376437813044,3.912701504305005e-05,0.0077387127093970776,0.008570359088480473,8.176471055776346e-06,0.008582184091210365,0.2317652702331543,0.6150312423706055,0.08796995344660061,0.21086104214191437,0.0027320438530296087,0.09264007821245816
73,14.944792032241821,0.00763692008331418,3.89217930205632e-05,0.007675617467612028,0.008724800311028957,9.94131278275745e-06,0.008738352917134762,0.23171940445899963,0.6149245500564575,0.08761060134260025,0.21051384508609772,0.0029041047673672438,0.09347915766166681
74,14.141796350479126,0.007696177344769239,3.8747581129428e-05,0.007734762504696846,0.008602378889918327,8.86670659383526e-06,0.008615503087639809,0.23168280720710754,0.6152305006980896,0.0879474985698675,0.2119775116443634,0.002816880587488413,0.09281973436527283
75,14.782819747924805,0.007618766278028488,3.7071542465128005e-05,0.007655421271920204,0.008585482835769653,3.4940997011290165e-06,0.008592809550464153,0.23165589570999146,0.6152017116546631,0.08749526428281822,0.2141919583082199,0.0016667842864990234,0.0926974085423328
76,15.206290006637573,0.007609379943460226,3.763076165341772e-05,0.007647084072232246,0.008536102250218391,5.8786358749784995e-06,0.008546007797122002,0.231900155544281,0.6151869297027588,0.08744760758438304,0.20770002901554108,0.0023060794919729233,0.09244462016321989
77,15.415716648101807,0.007563727907836437,3.745525100384839e-05,0.007600731682032347,0.00841456837952137,2.66402439592639e-05,0.00844505149871111,0.2320064902305603,0.6158914566040039,0.08718217525407557,0.20702658593654633,0.005126808304339647,0.09189696131380574
78,14.703793048858643,0.007570329122245312,4.052390795550309e-05,0.00761106563732028,0.00870520155876875,1.437281935068313e-05,0.00872346293181181,0.23188787698745728,0.6149826049804688,0.08724142156865786,0.21504318714141846,0.0036209404934197664,0.09339948036157272
79,14.899269104003906,0.0075535038486123085,3.7034566048532724e-05,0.007590539753437042,0.00870970357209444,9.977748959499877e-06,0.008723786100745201,0.2320525050163269,0.6151758432388306,0.0871237037403544,0.21169668436050415,0.0029914635233581066,0.09340121038158554
80,15.887763023376465,0.00762646971270442,3.729036689037457e-05,0.007663846481591463,0.008449926972389221,8.047796654864214e-06,0.008461381308734417,0.2320917397737503,0.6144495606422424,0.08754339770417563,0.20916377007961273,0.002668847795575857,0.09198576688126493
81,15.754332780838013,0.007507095579057932,3.922427276847884e-05,0.007546564564108849,0.008510089479386806,1.1896525393240154e-05,0.008525694720447063,0.23188406229019165,0.6152462959289551,0.08687096502346943,0.20897306501865387,0.0033569950610399246,0.09233468860859965
82,15.650624513626099,0.007487565279006958,3.81092686438933e-05,0.007525755558162928,0.008571349084377289,6.351321189868031e-06,0.008581812493503094,0.23190775513648987,0.615295946598053,0.08675111272002756,0.20812173187732697,0.0023643611930310726,0.09263807259168928
83,15.54321002960205,0.007319528143852949,3.9493086660513654e-05,0.007359255570918322,0.008526147343218327,3.3017295208992437e-05,0.008563121780753136,0.23226745426654816,0.6151733994483948,0.08578610360028203,0.2116938978433609,0.005458038300275803,0.09253713730580353
84,15.283295392990112,0.007455081678926945,3.827552427537739e-05,0.007493369281291962,0.009013330563902855,7.094011380104348e-06,0.009024580009281635,0.23207755386829376,0.6150031685829163,0.0865642494410479,0.21846066415309906,0.0024712644517421722,0.09499778949681742
85,15.817218780517578,0.007654454559087753,3.7540103221544996e-05,0.007691469509154558,0.00879494659602642,1.8678712876862846e-05,0.008817438036203384,0.23188528418540955,0.6150485277175903,0.08770102342136356,0.21395176649093628,0.004209050443023443,0.09390121424243345
86,15.605805158615112,0.007646842859685421,3.981497138738632e-05,0.007686690427362919,0.008854900486767292,9.197478902933653e-06,0.008868034929037094,0.2318074107170105,0.6149069666862488,0.08767377274511984,0.21437044441699982,0.002841538516804576,0.09417024439299865
87,15.642029285430908,0.00756858428940177,3.723249756149016e-05,0.007605970837175846,0.00878975447267294,1.0691760508052539e-05,0.008804495446383953,0.2317419946193695,0.6155992746353149,0.08721221724721741,0.2096986621618271,0.003130504861474037,0.09383227294691285
88,15.370834350585938,0.007354761939495802,3.727643706952222e-05,0.007392054423689842,0.00892901886254549,8.768716725171544e-06,0.008942082524299622,0.2322034239768982,0.6149777173995972,0.08597705754263658,0.2159145027399063,0.002754504792392254,0.09456258522428214
